{"cameraMode":{"drawMode":0,"name":"Shaded","section":"Shading Mode"},"sceneLighting":false,"audioPlay":false,"sceneViewState":{"showFog":true,"showMaterialUpdate":false,"showSkybox":false,"showFlares":true,"showImageEffects":true,"showParticleSystems":true},"in2DMode":false,"pivot":{"x":-221.5,"y":-46.20000076293945,"z":-20.299999237060548},"rotation":{"x":0.016991516575217248,"y":-0.9550662040710449,"z":0.05533331632614136,"w":0.29110240936279299},"size":6.058711051940918,"orthographic":false}