{"cameraMode":{"drawMode":0,"name":"Shaded","section":"Shading Mode"},"sceneLighting":false,"audioPlay":false,"sceneViewState":{"showFog":true,"showMaterialUpdate":false,"showSkybox":false,"showFlares":true,"showImageEffects":true,"showParticleSystems":true},"in2DMode":false,"pivot":{"x":-114.302001953125,"y":-59.27199935913086,"z":-51.30799865722656},"rotation":{"x":0.0003795245138462633,"y":0.9977832436561585,"z":0.06775016337633133,"w":-0.011483768932521344},"size":6.236913681030273,"orthographic":false}