{"cameraMode":{"drawMode":0,"name":"Shaded","section":"Shading Mode"},"sceneLighting":true,"audioPlay":false,"sceneViewState":{"showFog":true,"showMaterialUpdate":false,"showSkybox":true,"showFlares":true,"showImageEffects":true,"showParticleSystems":true},"in2DMode":false,"pivot":{"x":258.47998046875,"y":143.2936248779297,"z":-5.969226837158203},"rotation":{"x":0.004920703824609518,"y":-0.9919652342796326,"z":0.11992235481739044,"w":0.04079881310462952},"size":604.5057373046875,"orthographic":false}