{"cameraMode":{"drawMode":0,"name":"Shaded","section":"Shading Mode"},"sceneLighting":true,"audioPlay":false,"sceneViewState":{"showFog":true,"showMaterialUpdate":false,"showSkybox":false,"showFlares":true,"showImageEffects":true,"showParticleSystems":true},"in2DMode":false,"pivot":{"x":-544.0621948242188,"y":-74.73570251464844,"z":-103.9466323852539},"rotation":{"x":-0.010588119737803936,"y":0.7541329860687256,"z":-0.012274579145014286,"w":-0.6566320657730103},"size":439.0126037597656,"orthographic":false}