{"cameraMode":{"drawMode":0,"name":"Shaded","section":"Shading Mode"},"sceneLighting":true,"audioPlay":false,"sceneViewState":{"showFog":true,"showMaterialUpdate":false,"showSkybox":true,"showFlares":true,"showImageEffects":true,"showParticleSystems":true},"in2DMode":false,"pivot":{"x":236.8267822265625,"y":81.10623931884766,"z":6.618196964263916},"rotation":{"x":0.008828834630548954,"y":0.5461786985397339,"z":-0.0057029626332223419,"w":0.8376779556274414},"size":251.16102600097657,"orthographic":false}