{"cameraMode":{"drawMode":0,"name":"Shaded","section":"Shading Mode"},"sceneLighting":false,"audioPlay":false,"sceneViewState":{"showFog":true,"showMaterialUpdate":false,"showSkybox":false,"showFlares":true,"showImageEffects":true,"showParticleSystems":true},"in2DMode":false,"pivot":{"x":-51.60719299316406,"y":-197.54949951171876,"z":-93.2886962890625},"rotation":{"x":-0.19193677604198457,"y":0.025305163115262986,"z":0.004977526143193245,"w":0.9811254739761353},"size":1808.9810791015625,"orthographic":false}