{"cameraMode":{"drawMode":0,"name":"Shaded","section":"Shading Mode"},"sceneLighting":true,"audioPlay":false,"sceneViewState":{"showFog":true,"showMaterialUpdate":false,"showSkybox":false,"showFlares":true,"showImageEffects":true,"showParticleSystems":true},"in2DMode":false,"pivot":{"x":-216.16036987304688,"y":-112.2735824584961,"z":353.2472839355469},"rotation":{"x":0.06692951172590256,"y":-0.15502701699733735,"z":0.01059221662580967,"w":0.9856557250022888},"size":425.2484130859375,"orthographic":false}