{"cameraMode":{"drawMode":0,"name":"Shaded","section":"Shading Mode"},"sceneLighting":false,"audioPlay":false,"sceneViewState":{"showFog":true,"showMaterialUpdate":false,"showSkybox":false,"showFlares":true,"showImageEffects":true,"showParticleSystems":true},"in2DMode":false,"pivot":{"x":375.0914306640625,"y":322.16351318359377,"z":136.43502807617188},"rotation":{"x":-0.00954913068562746,"y":-0.08234759420156479,"z":-0.0009195521124638617,"w":0.9966798424720764},"size":1416.146728515625,"orthographic":false}